{
    "ambient": {
        "b": 0.34117648005485535,
        "g": 0.34117648005485535,
        "r": 1.0
    },
    "diffuse": {
        "b": 0.0,
        "g": 1.0,
        "r": 0.3019607961177826
    },
    "shininess": 32.0,
    "specular": {
        "b": 0.22745099663734436,
        "g": 0.22745099663734436,
        "r": 1.0
    }
}