{
    "ambient": {
        "b": 0.1764705926179886,
        "g": 0.1764705926179886,
        "r": 0.30588236451148987
    },
    "diffuse": {
        "b": 0.9647059440612793,
        "g": 0.658823549747467,
        "r": 0.6235294342041016
    },
    "shininess": 32.0,
    "specular": {
        "b": 0.41960787773132324,
        "g": 0.5803921818733215,
        "r": 0.4705882668495178
    }
}