{
    "ambient": {
        "b": 0.19607844948768616,
        "g": 0.19607844948768616,
        "r": 0.19607844948768616
    },
    "diffuse": {
        "b": 0.7843137979507446,
        "g": 0.7843137979507446,
        "r": 0.7843137979507446
    },
    "shininess": 32.0,
    "specular": {
        "b": 1.0,
        "g": 1.0,
        "r": 1.0
    }
}