{
    "ambient": {
        "b": 0.3019607961177826,
        "g": 0.3019607961177826,
        "r": 0.7803922295570374
    },
    "diffuse": {
        "b": 0.4941176772117615,
        "g": 0.4941176772117615,
        "r": 0.4941176772117615
    },
    "shininess": 32.0,
    "specular": {
        "b": 1.0,
        "g": 1.0,
        "r": 1.0
    }
}