{
    "ambient": {
        "b": 0.18431372940540314,
        "g": 0.18431372940540314,
        "r": 0.6823529601097107
    },
    "diffuse": {
        "b": 0.48235297203063965,
        "g": 0.6509804129600525,
        "r": 0.35686275362968445
    },
    "shininess": 102.5999984741211,
    "specular": {
        "b": 0.08627451211214066,
        "g": 0.08627451211214066,
        "r": 0.6901960968971252
    }
}